{"cameraMode":{"drawMode":0,"name":"Shaded","section":"Shading Mode"},"sceneLighting":true,"audioPlay":false,"sceneViewState":{"m_AlwaysRefresh":false,"showFog":true,"showSkybox":true,"showFlares":true,"showImageEffects":true,"showParticleSystems":true,"showVisualEffectGraphs":true,"m_FxEnabled":false},"in2DMode":false,"pivot":{"x":6.0493574142456059,"y":7.149649620056152,"z":1.3330662250518799},"rotation":{"x":0.16096532344818116,"y":-0.7076496481895447,"z":0.17092566192150117,"w":0.6664153933525086},"size":9.085371017456055,"orthographic":false}