{"cameraMode":{"drawMode":0,"name":"Shaded","section":"Shading Mode"},"sceneLighting":false,"audioPlay":false,"sceneViewState":{"m_AlwaysRefresh":false,"showFog":true,"showSkybox":false,"showFlares":true,"showImageEffects":true,"showParticleSystems":true,"showVisualEffectGraphs":true,"m_FxEnabled":false},"in2DMode":false,"pivot":{"x":-0.6571213603019714,"y":8.533004760742188,"z":-1.9022189378738404},"rotation":{"x":0.08609280735254288,"y":-0.1346760392189026,"z":0.011747048236429692,"w":0.9870754480361939},"size":3.2238759994506838,"orthographic":true}