{"cameraMode":{"drawMode":0,"name":"Shaded","section":"Shading Mode"},"sceneLighting":false,"audioPlay":false,"sceneViewState":{"m_AlwaysRefresh":false,"showFog":true,"showSkybox":false,"showFlares":true,"showImageEffects":true,"showParticleSystems":true,"showVisualEffectGraphs":true,"m_FxEnabled":false},"in2DMode":false,"pivot":{"x":-0.13215327262878419,"y":0.025000035762786866,"z":0.38113629817962649},"rotation":{"x":0.04231548309326172,"y":0.7974758148193359,"z":-0.05631539598107338,"w":0.5992251634597778},"size":1.5743255615234376,"orthographic":true}